The Use of Commodities by Industries, After Redefinitions (Producers' Prices);;;;;;;;;;;;;;;;;;;;;;;;;;;;;;;;;;;;;;;;;;;;;;;;;;;;;;;;;;;;;;;;;;;;;;;;;;;;;;;;;;;;;;;;;;;;;;;;;;;
(Millions of dollars);;;;;;;;;;;;;;;;;;;;;;;;;;;;;;;;;;;;;;;;;;;;;;;;;;;;;;;;;;;;;;;;;;;;;;;;;;;;;;;;;;;;;;;;;;;;;;;;;;;
Bureau of Economic Analysis;;;;;;;;;;;;;;;;;;;;;;;;;;;;;;;;;;;;;;;;;;;;;;;;;;;;;;;;;;;;;;;;;;;;;;;;;;;;;;;;;;;;;;;;;;;;;;;;;;;
2007;;;;;;;;;;;;;;;;;;;;;;;;;;;;;;;;;;;;;;;;;;;;;;;;;;;;;;;;;;;;;;;;;;;;;;;;;;;;;;;;;;;;;;;;;;;;;;;;;;;
;Commodities/Industries;111CA;113FF;211;212;213;22;23;321;327;331;332;333;334;335;3361MV;3364OT;337;339;311FT;313TT;315AL;322;323;324;325;326;42;441;445;452;4A0;481;482;483;484;485;486;487OS;493;511;512;513;514;521CI;523;524;525; HS; ORE;532RL;5411;5415;5412OP;55;561;562;61;621;622;623;624;711AS;713;721;722;81; GFGD; GFGN;GFE;GSLG;GSLE;;;;F010;F02S;F02E;F02N;F02R;F030;F040;F050;F06C;F06S;F06E;F06N;F07C;F07S;F07E;F07N;F10C;F10S;F10E;F10N;;;;
IOCode;Name;Farms;Forestry, fishing, and related activities;Oil and gas extraction;Mining, except oil and gas;Support activities for mining;Utilities;Construction;Wood products;Nonmetallic mineral products;Primary metals;Fabricated metal products;Machinery;Computer and electronic products;Electrical equipment, appliances, and components;Motor vehicles, bodies and trailers, and parts;Other transportation equipment;Furniture and related products;Miscellaneous manufacturing;Food and beverage and tobacco products;Textile mills and textile product mills;Apparel and leather and allied products;Paper products;Printing and related support activities;Petroleum and coal products;Chemical products;Plastics and rubber products;Wholesale trade;Motor vehicle and parts dealers;Food and beverage stores;General merchandise stores;Other retail;Air transportation;Rail transportation;Water transportation;Truck transportation;Transit and ground passenger transportation;Pipeline transportation;Other transportation and support activities;Warehousing and storage;Publishing industries, except internet (includes software);Motion picture and sound recording industries;Broadcasting and telecommunications;Data processing, internet publishing, and other information services;Federal Reserve banks, credit intermediation, and related activities;Securities, commodity contracts, and investments;Insurance carriers and related activities;Funds, trusts, and other financial vehicles;Housing;Other real estate;Rental and leasing services and lessors of intangible assets;Legal services;Computer systems design and related services;Miscellaneous professional, scientific, and technical services;Management of companies and enterprises;Administrative and support services;Waste management and remediation services;Educational services;Ambulatory health care services;Hospitals;Nursing and residential care facilities;Social assistance;Performing arts, spectator sports, museums, and related activities;Amusements, gambling, and recreation industries;Accommodation;Food services and drinking places;Other services, except government;Federal general government (defense);Federal general government (nondefense);Federal government enterprises;State and local general government;State and local government enterprises;Sum of Intermediate Selected;Intermediate Not Selected;Total Intermediate;Personal consumption expenditures;Nonresidential private fixed investment in structures;Nonresidential private fixed investment in equipment;Nonresidential private fixed investment in intellectual property products;Residential private fixed investment;Change in private inventories;Exports of goods and services;Imports of goods and services;Federal national defense: Consumption expenditures;Federal national defense: Gross investment in structures;Federal national defense: Gross investment in equipment;Federal national defense: Gross investment in intellectual property products;Nondefense: Consumption expenditures;Federal national nondefense: Gross investment in structures;Federal national nondefense: Gross investment in equipment;Federal national nondefense: Gross investment in intellectual property products;State and local: Consumption expenditures;State and local: Gross investment in structures;State and local: Gross investment in equipment;State and local: Gross investment in intellectual property products;Sum of Final Uses (GDP) Selected;Sum of Final Uses (GDP) Not Selected;Total Final Uses (GDP);Total Commodity Output
 111CA;Farms;45231;637;...;28;11;0;1661;...;...;...;...;...;...;...;...;...;...;359;174007;2548;...;...;...;...;3933;...;19;181;293;1;206;...;...;0;...;...;...;57;...;1;...;...;...;0;...;...;...;3;1;...;1;1;359;17;601;...;120;2;49;49;...;...;182;35;736;15;3;-1570;2;1924;...;231703;...;231705;52756;...;...;...;...;3704;32913;-23020;...;...;...;...;...;...;...;...;...;...;...;...;66354;0;66354;298058
 113FF;Forestry, fishing, and related activities;19530;6401;...;60;...;...;...;12613;2;...;...;...;...;8;6;...;44;213;5052;...;61;3884;42;7;354;2048;...;...;220;...;...;...;...;0;...;...;...;1;...;...;...;...;...;...;...;...;...;...;...;...;...;...;77;7;1;...;68;...;140;117;...;...;133;198;4381;49;...;...;4;608;...;56329;...;56330;5424;...;...;...;...;-551;4944;-14688;...;...;...;...;...;...;...;...;...;...;...;...;-4872;0;-4872;51457
 211;Oil and gas extraction;...;...;38348;51;4;68262;...;16;6;43;7;9;...;1;6;3;3;2;15;5;...;16;3;376378;7403;15;107;20;34;38;102;...;...;...;0;15;4014;...;15;9;2;14;2;...;6;3;...;...;89;97;7;3;73;200;22;18;22;40;191;82;28;19;45;135;237;143;...;...;846;...;11949;509223;...;509219;...;...;...;...;...;2560;4938;-280903;...;...;...;...;...;...;...;...;...;...;...;...;-273406;0;-273406;235813
 212;Mining, except oil and gas;2049;3;62;8057;47;6514;12993;11;9307;19650;440;126;64;177;49;148;36;188;1399;100;2;1694;...;1132;3666;124;20;...;...;...;1;...;33;...;...;...;...;1;5;39;22;136;37;6;1;1;...;24;3885;289;1;0;705;55;178;47;178;...;46;31;9;137;435;58;186;345;...;549;...;1020;4090;80608;...;80603;114;...;157;...;...;-687;8643;-2584;...;...;...;...;...;...;...;...;...;...;...;...;5643;0;5643;86246
 213;Support activities for mining;...;...;5288;1356;1477;...;...;...;...;...;...;...;...;...;...;...;...;...;...;...;...;...;...;...;...;...;...;...;...;...;...;...;...;...;...;...;...;437;...;...;...;...;...;...;...;...;...;...;...;...;...;...;28;1;...;...;...;...;...;...;...;...;...;...;...;...;...;...;...;...;...;8587;...;8588;...;102226;1525;...;...;15;1902;-1230;...;...;...;...;...;...;...;...;...;...;...;...;104439;0;104439;113027
 22;Utilities;5091;61;2281;2359;271;5231;3341;1739;5750;8148;4483;2403;2570;1074;2790;1446;726;1028;10384;1435;207;7865;1548;3197;19540;3928;6850;1210;4458;2705;7720;185;37;968;721;697;267;1514;2065;601;240;2309;612;1472;1100;412;5;0;76697;1027;439;558;3362;5213;1529;441;7877;2298;5799;2418;935;696;2035;4535;9320;4262;2547;724;1855;19232;1291;290134;...;290135;240334;...;...;...;...;...;2670;-3284;...;...;...;...;...;...;...;...;...;...;...;...;239720;0;239720;529855
 23;Construction;2248;44;5154;1446;635;7355;187;273;521;782;819;592;754;208;519;303;148;224;1308;126;34;731;397;4143;1446;536;1503;292;568;218;1807;6;696;...;213;673;1048;1444;219;102;55;1932;106;5284;642;107;21;63168;42081;169;148;41;819;739;362;35;177;497;639;391;344;116;253;1185;1394;2995;3546;2281;2188;17974;30747;220158;...;220154;...;393707;...;...;528665;...;94;...;...;10014;...;...;...;11343;...;...;...;264262;...;...;1208085;0;1208085;1428239
 321;Wood products;454;322;...;49;55;3;43730;21377;447;359;228;874;750;271;2882;275;7941;1042;297;59;4;3878;8;1;332;1419;1523;80;384;107;662;0;1581;...;121;...;11;82;45;250;148;479;1188;80;2;18;...;258;2675;887;6;5;546;2;542;38;47;220;125;5;608;12;171;450;2752;176;36;31;3;3492;129;107034;...;107033;3610;452;...;...;5723;-1069;4604;-19681;...;...;...;...;...;...;50;...;...;...;...;...;-6311;0;-6311;100722
 327;Nonmetallic mineral products;20;9;249;225;258;216;68267;1260;16591;2492;1338;2130;995;1545;5532;382;329;701;4679;185;...;221;3;1001;1470;1592;182;186;72;8;471;1;6;...;36;2;3;42;27;15;3;839;888;54;28;15;...;59;40;207;7;48;3400;98;875;100;97;1980;776;165;210;21;182;78;4081;1001;50;258;...;870;1616;130787;...;130785;9225;...;...;...;...;-420;7393;-23107;...;...;...;...;...;...;...;...;...;...;...;...;-6909;0;-6909;123876
 331;Primary metals;94;0;1127;584;457;10;4538;317;1209;76822;78221;35911;10674;20374;38302;12423;3933;8220;4517;243;...;390;38;176;431;1818;379;7;0;0;16;0;1156;...;...;...;...;192;...;47;25;293;144;...;...;4;...;4;2281;422;0;5;2031;35;271;699;122;161;45;17;157;31;285;20;297;457;110;169;...;294;464;311469;...;311468;735;...;...;...;...;390;29280;-85444;...;...;...;...;...;...;...;...;...;...;...;...;-55038;0;-55038;256430
 332;Fabricated metal products;2217;123;1105;736;360;795;77077;3397;3238;5412;38917;29267;13656;9439;32879;11851;3541;4618;12944;711;194;4051;1642;529;8770;6571;1132;273;108;19;1448;345;119;1447;2414;350;1099;1212;196;1388;29;6511;1215;138;38;56;8;122;555;962;76;602;4810;681;1730;2115;369;351;393;22;862;32;582;804;6631;3330;4049;734;355;2430;3020;329202;...;329205;12153;...;11339;...;...;817;23936;-50820;...;...;1971;...;...;...;818;...;...;...;1409;...;1623;0;1623;330828
 333;Machinery;2814;242;2132;4669;3369;864;24926;488;242;1420;3415;32849;911;1713;18721;4476;90;911;2177;34;3;1059;1398;110;2419;1291;744;106;58;25;318;6;71;8;215;116;300;1510;419;167;46;553;282;11;17;69;...;55;904;483;23;348;2069;273;2800;2874;1486;179;219;89;58;17;91;35;1075;4434;692;64;42;2762;846;139702;...;139705;8394;...;192276;...;...;474;104076;-120650;...;...;1413;...;...;...;340;...;...;...;7981;...;194304;0;194304;334009
 334;Computer and electronic products;13;2;7;22;301;192;5063;570;858;1273;3122;6045;76351;3644;13041;9358;797;1653;1331;403;50;1458;1154;187;3354;1532;2459;323;219;25;732;6;14;1;204;6;31;107;76;2646;1242;20348;1722;4956;630;50;145;7;177;226;935;2435;7611;6888;3035;481;1655;2028;221;115;171;17;147;601;512;4527;16038;1339;0;2398;910;220197;...;220198;78646;...;182103;...;364;2050;119262;-272622;...;...;27725;...;...;...;8039;...;...;...;14409;...;159976;0;159976;380174
 335;Electrical equipment, appliances, and components;460;190;14;18;51;60;30459;760;142;1971;2279;10817;6159;8496;4038;2529;87;752;656;51;8;275;114;115;735;773;386;60;72;160;316;5;183;39;156;58;13;88;338;3;1;1967;321;108;58;45;...;29;172;344;499;502;4184;102;1767;649;546;35;264;192;224;13;159;200;1806;2554;811;903;41;2122;1376;95880;...;95880;34242;...;23891;...;4914;1671;26282;-68023;...;...;744;...;...;...;586;...;...;...;2355;...;26661;0;26661;122541
 3361MV;Motor vehicles, bodies and trailers, and parts;840;87;110;414;124;73;6943;597;477;525;955;9387;1425;479;151171;3983;277;293;1328;71;2;448;156;132;667;321;2698;658;725;9;1840;0;89;1;7212;451;2;899;427;555;41;422;37;226;177;37;...;0;190;467;0;14;1721;450;3250;1263;511;262;223;58;648;73;57;71;815;17234;4141;47;1464;5462;371;236583;...;236586;206152;...;195169;...;...;-365;87464;-233932;...;...;491;...;...;...;182;...;...;...;6242;...;261403;0;261403;497989
 3364OT;Other transportation equipment;...;63;...;15;...;0;23;55;...;...;48;309;...;...;404;49191;...;...;...;...;...;...;...;...;...;...;3;1;...;...;...;1161;1434;908;7;39;...;687;...;...;...;1;...;...;...;1;...;...;...;4;...;...;1194;0;27;22;0;...;...;...;36;...;15;...;...;328;19917;290;1;15;107;76306;...;76306;20966;...;41202;...;...;9731;90387;-43159;...;...;29212;...;...;...;3493;...;...;...;1621;...;153454;0;153454;229760
 337;Furniture and related products;3;...;...;...;...;...;16812;979;2;...;1;439;629;3;408;40;3058;292;...;...;...;2;0;...;...;374;425;124;...;0;481;2;...;2;...;...;...;11;...;1;...;79;386;...;...;...;...;4799;13;102;6;1;223;4;1;...;1;125;21;1;71;446;249;3;858;107;...;...;19;1;16;31620;...;31616;44015;...;28458;...;417;-129;3219;-30869;...;...;1;...;...;...;66;...;...;...;3260;...;48438;0;48438;80054
 339;Miscellaneous manufacturing;227;3;6;22;9;4;966;23;266;43;47;2574;12;510;1526;35;42;9849;37;72;249;1;14;11;839;84;591;121;122;2;637;1;2;...;7;6;2;131;79;15;3;101;132;216;89;39;1;2;122;66;31;30;2275;19;1722;785;498;15637;9496;1129;1550;81;285;283;911;1784;227;328;0;8886;69;65984;...;65987;92281;...;40863;...;...;2190;30029;-88733;...;...;131;...;...;...;130;...;...;...;1412;...;78303;0;78303;144289
 311FT;Food and beverage and tobacco products;22184;193;...;...;...;...;...;22;125;4;...;...;...;...;...;...;...;7;129371;8;670;610;749;224;3548;87;620;...;127;7;2;28;...;35;...;...;...;17;...;36;14;...;1;...;...;...;...;...;...;...;...;...;601;104;1;...;4473;1;7099;4200;3373;615;2166;2324;66197;650;1309;-312;287;26430;...;278207;...;278207;458769;...;...;...;...;1867;42137;-59095;...;...;...;...;...;...;...;...;...;...;...;...;443678;0;443678;721885
 313TT;Textile mills and textile product mills;254;104;...;5;...;...;1660;755;372;...;0;911;24;6;2664;946;3556;2377;138;11680;3782;2319;494;63;2;2378;748;39;112;1402;1654;0;...;92;13;...;4;52;2;24;165;4;11;0;4;17;...;5;42;94;...;...;210;4;147;91;25;39;604;737;290;2;596;554;396;800;1205;144;1;1015;7;45841;...;45841;25060;...;3462;...;953;-297;9011;-25794;...;...;...;...;...;...;48;...;...;...;44;...;12487;0;12487;58327
 315AL;Apparel and leather and allied products;46;...;...;...;...;3;...;0;1;...;...;...;1;...;1837;...;...;101;14;403;2729;...;992;13;...;1;796;9;1;1043;79;...;...;...;...;...;...;0;...;...;34;180;0;2;...;...;...;...;...;66;...;...;65;8;237;149;44;25;13;...;205;97;12;4;12;1218;108;7;83;2147;9;12794;...;12794;135748;...;...;...;...;-1258;4586;-126468;...;...;...;...;...;...;...;...;...;...;...;...;12607;0;12607;25401
 322;Paper products;477;3;19;162;41;165;2672;659;1881;1541;2372;2383;1905;1400;2502;856;1400;2260;21288;574;69;41094;11864;308;6146;4850;3342;117;742;208;1513;51;51;10;234;171;85;1331;121;3726;163;345;174;923;260;209;4;5;280;404;313;176;3304;421;2174;248;280;1740;3661;988;431;67;177;2356;3340;837;215;1409;116;10946;10;156569;...;156568;21758;...;...;...;...;10;18548;-24240;...;...;...;...;...;...;...;...;...;...;...;...;16076;0;16076;172644
 323;Printing and related support activities;49;1;4;6;...;16;71;26;...;0;3;34;0;13;6;...;...;0;332;...;109;...;3113;15;712;...;4705;108;159;28;2945;...;9;...;327;44;15;126;11;12035;1090;341;1139;619;4955;4806;...;0;26;320;740;198;6690;1204;2888;38;897;1714;1330;157;871;914;300;997;731;1550;961;1542;410;11463;467;74380;...;74382;2469;...;...;...;...;212;2203;-2546;...;...;...;...;...;...;...;...;...;...;...;...;2338;0;2338;76720
 324;Petroleum and coal products;14789;1152;1673;6458;2357;25249;50174;897;1482;1937;979;1812;620;1273;472;429;353;603;2999;237;30;2136;2071;19011;20419;1154;5452;564;715;402;1921;34554;9049;8619;43388;3133;1089;9747;568;320;79;365;166;1951;274;67;11;43;2217;1135;139;336;1393;1949;4005;1340;659;762;3409;1281;533;269;1036;1690;3503;2630;23489;2147;2753;79843;11180;430941;...;430935;216268;...;...;...;...;4213;40078;-102056;...;...;...;...;...;...;...;...;...;...;...;...;158504;0;158504;589439
 325;Chemical products;18413;2355;5277;1472;980;2759;9644;2473;4980;1904;8009;4523;7020;3470;6866;1869;1950;6250;5716;13604;354;9912;5575;9645;215936;60197;1121;61;66;15;554;3;85;6;255;6;7;613;119;470;159;957;215;180;147;48;0;139;4675;201;153;79;9353;2486;4966;856;637;24571;24790;2032;652;144;860;144;866;4101;2704;1374;82;24983;1232;528320;...;528323;225859;...;3964;...;...;2302;130160;-178233;...;...;...;...;...;...;...;...;...;...;...;...;184052;0;184052;712374
 326;Plastics and rubber products;1769;79;21;1179;158;130;27504;751;1193;784;2447;7776;4473;1984;19912;3491;5148;4494;16656;482;189;2276;607;303;10704;15870;5739;686;1509;270;3235;15;9;1;1578;42;108;2558;137;671;64;1673;235;66;94;441;1;53;461;696;94;237;4087;218;1631;276;742;5893;2542;1038;562;37;203;140;6521;6161;1575;421;20;6899;1301;191320;...;191321;25539;...;161;...;23;388;20348;-34524;...;...;...;...;...;...;20;...;...;...;...;...;11955;0;11955;203275
 42;Wholesale trade;19818;1827;1300;3127;1224;5225;52133;6959;4555;18941;13679;20607;19473;8338;35875;7485;4601;7572;44585;3052;1926;9248;2813;10128;29569;9048;27151;1302;1085;1047;11514;2914;2863;2492;8268;660;340;4077;446;5838;212;5277;1051;1372;762;581;38;606;1623;7509;452;711;7938;2242;4669;1710;2041;13389;12030;2049;1706;399;1422;1396;14153;7937;7520;1561;914;22268;3791;542434;...;542438;393725;63;123797;9527;1912;2640;125573;28773;...;...;6300;217;...;...;2118;271;...;...;5982;614;701513;0;701513;1243950
 441;Motor vehicle and parts dealers;12;3;8;34;15;15;1773;50;85;45;99;783;111;1;594;377;42;60;234;14;0;70;28;0;140;45;2;112;146;1;346;0;8;0;1205;5;0;135;13;89;7;33;2;41;34;10;...;19;207;85;0;2;123;...;354;15;0;...;...;...;...;1;4;7;33;3155;...;...;0;...;0;10832;...;10833;119068;...;12198;...;15;...;...;...;...;...;...;...;...;...;...;...;...;...;...;...;131281;0;131281;142114
 445;Food and beverage stores;6;0;0;1;0;8;429;0;5;1;5;14;5;6;22;0;26;20;38;0;0;4;84;2;77;8;12;5;11;1;29;0;1;0;57;1;1;1;0;1;1;1;3;9;2;2;...;156;21;2;2;1;21;...;36;1;2;14;7;1;1;1;1;53;31;100;0;0;0;1;0;1351;...;1349;161338;...;586;...;1;...;...;...;...;...;...;...;...;...;...;...;...;...;...;...;161925;0;161925;163274
 452;General merchandise stores;12;1;1;2;1;14;1589;4;10;3;13;57;13;11;69;15;51;40;80;6;0;11;315;3;126;21;45;16;33;2;92;0;2;0;192;2;4;7;1;7;3;3;10;35;10;9;...;295;98;10;7;3;73;...;129;3;84;53;25;4;5;4;6;193;406;350;0;1;0;16;0;4706;...;4704;174799;...;2716;201;187;...;...;...;...;...;...;...;...;...;...;...;...;...;...;...;177903;0;177903;182607
 4A0;Other retail;161;3;6;92;2;494;76468;50;15;13;88;302;85;89;407;43;416;319;617;72;2;72;2073;80;2771;153;301;675;201;393;1226;3;22;379;1666;53;29;389;4;46;19;16;64;230;59;59;...;2494;376;42;51;23;494;...;588;20;127;380;175;48;35;343;178;1296;3896;2109;2;9;1;211;0;103625;...;103621;583929;...;24463;2523;4254;...;...;...;...;...;...;...;...;...;...;...;...;...;...;...;615170;0;615170;718791
 481;Air transportation;271;25;16;43;114;1044;1430;338;444;387;892;861;620;131;628;433;275;385;1378;104;37;383;582;128;1190;687;2918;84;63;190;457;6;17;84;1572;20;5;1038;63;1331;431;763;888;4180;2210;1003;118;4;2366;497;795;1632;4734;264;3502;489;924;1860;336;309;312;149;459;244;761;719;7862;1629;835;3070;97;64116;...;64121;82658;...;2655;229;28;33;28655;-22545;...;...;167;3;...;...;37;4;...;...;75;10;92009;0;92009;156131
 482;Rail transportation;1673;66;178;2188;61;2508;1701;827;1976;5179;907;454;204;310;930;240;290;221;4587;84;7;2134;190;583;5224;1223;136;8;23;4;65;64;127;16;2609;9;13;59;6;63;5;152;20;26;9;65;0;8;884;27;34;19;527;35;282;40;29;212;161;30;40;10;33;45;508;114;303;272;305;1134;1468;43944;...;43943;6537;...;2076;...;36;274;8197;-292;...;...;20;...;...;...;3;...;...;...;61;...;16911;0;16911;60854
 483;Water transportation;1178;18;226;237;38;224;1399;19;426;674;88;54;73;78;50;43;21;59;2624;26;1;115;11;113;690;45;32;8;7;2;19;54;18;14;88;5;132;32;2;6;1;21;5;5;2;1;0;4;92;14;1;3;979;22;44;18;19;70;81;17;16;6;20;17;166;40;662;51;89;365;111;11891;...;11891;15043;...;30;0;0;226;8463;12681;...;...;4;0;...;...;1;0;...;...;3;...;36451;0;36451;48343
 484;Truck transportation;5276;420;258;590;413;537;17202;1985;3047;5456;3174;3370;2367;1271;5561;1686;1157;1343;19241;1025;317;2654;917;4201;5414;2450;3435;1052;2250;3508;5725;382;285;220;3824;79;80;1471;119;1158;171;797;429;180;551;282;4;209;560;309;136;133;2768;362;1096;296;404;1302;1248;335;459;198;408;376;2954;1471;4363;459;444;4619;602;142845;...;142845;85519;21;24098;633;443;557;24141;-2924;...;...;743;14;...;...;176;17;...;...;996;39;134474;0;134474;277319
 485;Transit and ground passenger transportation;...;2;0;5;26;214;218;78;101;71;209;196;104;16;73;61;62;114;214;17;8;83;144;28;112;131;301;11;4;1;60;1;190;0;1;...;1;4;1;361;100;251;397;1801;668;678;34;1;930;173;371;589;2118;74;1218;126;410;836;523;354;70;1598;68;89;250;191;70;4;12;10570;141;27938;...;27934;28411;...;...;...;...;...;...;...;...;...;...;...;...;...;...;...;...;...;...;...;28411;0;28411;56345
 486;Pipeline transportation;170;12;4285;42;14;9163;228;6;11;16;7;13;6;10;4;3;4;7;28;9;0;15;13;5426;280;17;37;4;5;3;14;212;56;53;268;19;45;60;4;2;1;2;1;12;2;0;0;0;15;8;1;2;16;14;34;8;5;9;25;9;4;2;7;12;23;18;145;14;120;488;1646;23214;...;23216;1780;...;...;...;...;7;969;...;...;...;...;...;...;...;...;...;...;...;...;...;2756;0;2756;25972
 487OS;Other transportation and support activities;...;371;1;122;2;8691;20;267;314;28;20;3;1;1;2;0;100;51;112;19;...;152;190;96;35;105;26396;974;761;2072;7102;13713;178;4008;25378;356;233;24782;1233;4199;1367;128;1896;587;5058;1097;...;...;...;1588;733;398;6163;53;2837;593;421;1699;1474;309;650;895;322;129;355;1472;1;8;257;548;2133;155259;...;155257;11070;...;...;...;...;...;17610;3541;...;...;...;...;...;...;...;...;...;...;...;...;32220;0;32220;187477
 493;Warehousing and storage;784;...;1;137;...;751;...;308;244;200;807;506;571;128;518;391;266;765;534;164;59;277;510;47;649;375;12662;1696;5602;9459;12538;14;0;240;4036;63;4;3020;3750;807;243;191;375;...;791;167;...;0;161;257;142;81;887;5;818;77;48;378;373;94;134;158;79;105;880;397;224;102;...;2674;181;72905;...;72903;173;...;...;...;...;...;3726;...;...;...;...;...;...;...;...;...;...;...;...;...;3899;0;3899;76802
 511;Publishing industries, except internet (includes software);124;2;10;1;1;114;131;5;15;12;50;55;118;21;26;77;11;56;24;5;2;4;59;1;52;16;669;43;115;21;643;16;21;0;43;3;0;95;35;12554;114;255;555;391;791;265;14;0;331;646;367;397;2859;1350;1173;16;551;818;395;112;1041;46;85;118;91;921;669;663;357;5894;48;36583;...;36583;76581;...;...;62029;...;149;31951;-4879;...;...;...;1258;...;...;...;1568;...;...;...;3557;172214;0;172214;208797
 512;Motion picture and sound recording industries;...;...;...;...;...;...;...;...;...;...;...;...;...;...;...;...;...;...;...;...;...;...;...;...;...;...;39;193;179;0;1;31;...;0;1;...;...;9;0;107;21602;26963;9;13;11;1;...;0;51;3;9;17;1362;147;66;...;1216;35;7;561;493;609;39;495;487;517;1793;176;72;344;...;57658;...;57655;30488;...;...;35538;...;28;16293;-5047;...;...;...;...;...;...;...;...;...;...;...;...;77301;0;77301;134956
 513;Broadcasting and telecommunications;279;13;253;176;358;459;3313;391;504;300;1217;1305;1705;282;468;694;680;750;1191;165;90;462;646;154;1071;698;9394;1130;603;507;5509;666;31;478;1338;416;97;735;657;2033;1382;89430;2911;4802;11869;3365;196;1;17674;2170;3221;3550;8402;5351;7318;349;1980;5209;3547;954;1187;740;763;1057;2493;4201;4189;2213;633;29143;258;261776;...;261774;256195;...;7712;19984;...;...;9856;-142;...;...;...;...;...;...;...;...;...;...;...;...;293606;0;293606;555380
 514;Data processing, internet publishing, and other information services;0;1;58;6;10;1490;396;452;514;322;1015;1112;625;168;382;845;358;597;923;132;66;469;347;49;542;488;2062;572;581;601;2580;487;1;0;27;28;35;86;24;2532;367;1289;2277;2594;15301;1457;209;0;1071;1766;1288;1027;6311;4789;6735;404;1807;819;1481;184;321;304;295;279;1194;2474;7844;6647;443;9824;812;102596;...;102595;6218;...;...;...;...;...;2661;-436;...;...;...;...;...;...;...;...;...;...;...;...;8442;0;8442;111037
 521CI;Federal Reserve banks, credit intermediation, and related activities;3935;169;452;558;649;11802;5405;600;1379;1104;2144;2017;1035;534;880;662;624;1106;3857;430;240;666;753;337;1513;1767;16050;1891;2404;745;13204;1199;3746;209;3894;1794;197;976;401;4239;1951;2761;1254;84771;29298;12522;1526;47118;29399;16620;3103;3557;20939;15177;7281;417;2270;7550;1905;2205;894;718;3089;1904;3245;13431;0;39;3078;6833;8591;429013;...;429014;206951;...;...;...;...;...;22190;-64;...;...;...;...;...;...;...;...;...;...;...;...;229077;0;229077;658091
 523;Securities, commodity contracts, and investments;555;77;64;828;1403;1725;2938;79;220;1923;3101;3142;848;496;1498;1225;823;1538;469;47;25;87;210;74;129;265;1920;214;262;46;1315;407;1095;2198;1139;322;107;439;66;1119;616;503;189;70957;59737;4622;90455;2;3411;1364;1313;645;4134;6580;2660;98;498;2284;10195;767;2993;564;264;340;1352;17440;...;0;126;5302;3553;327402;...;327402;149190;...;...;...;...;...;45796;...;...;...;...;...;...;...;...;...;...;...;...;...;194987;0;194987;522389
 524;Insurance carriers and related activities;5412;131;209;431;448;698;83;229;433;294;533;930;848;434;499;231;233;368;1381;238;540;248;252;97;1254;348;16464;1553;1072;512;5485;458;12;834;8998;1877;104;2562;582;1720;1925;588;379;16127;13534;212050;1281;5901;17307;3883;4143;1210;10741;1120;8016;1629;1037;19355;31013;2556;2319;2344;2182;2083;4075;4186;...;3312;1169;24;3573;438097;...;438102;288151;...;...;...;10531;...;11565;-46900;...;...;...;...;...;...;...;...;...;...;...;...;263346;0;263346;701448
 525;Funds, trusts, and other financial vehicles;...;...;...;...;...;...;...;...;...;...;...;...;...;...;...;...;...;...;...;...;...;...;...;...;...;...;...;...;...;...;...;...;...;...;...;...;...;...;...;...;...;...;...;...;4788;5836;1744;...;...;...;...;...;...;3;...;...;...;...;...;...;...;...;...;...;...;...;...;...;...;...;...;12371;...;12372;124034;...;...;...;...;...;...;...;...;...;...;...;...;...;...;...;...;...;...;...;124034;0;124034;136405
 HS;Housing;0;...;...;...;...;...;...;...;...;...;...;...;...;...;...;...;...;...;...;...;...;...;...;...;...;...;...;...;...;...;...;...;...;...;...;...;...;...;...;...;...;...;...;...;...;...;...;...;...;...;...;...;...;...;...;...;...;...;...;...;...;...;0;...;...;...;...;...;...;...;...;0;...;0;1478793;...;...;...;...;...;...;...;...;...;...;...;...;...;...;...;...;...;...;...;1478793;0;1478793;1478793
 ORE;Other real estate;1751;44;130;44;59;3727;6477;234;133;75;763;143;57;82;24;77;280;142;365;104;63;165;238;7;111;257;42330;5298;13216;12662;64347;1869;152;1249;4414;331;270;2962;8439;4596;2431;13442;3373;8547;28306;8102;633;1993;133406;7805;18729;7988;69497;13172;14342;1544;18818;48270;17217;19726;14926;7225;9541;3204;34689;50538;192;6143;1366;29234;3264;775350;...;775353;4111;3383;...;...;108334;...;3048;...;...;...;...;...;...;...;...;...;...;...;...;...;118876;0;118876;894229
 532RL;Rental and leasing services and lessors of intangible assets;3243;176;4347;1907;2212;1434;14385;405;979;800;2844;2841;3914;687;1896;1733;288;1762;4355;177;274;1250;1073;441;5598;1141;13317;589;1057;688;6733;7242;2351;45;9976;1481;18;1728;692;5645;2242;7216;5944;1703;5141;2549;17;2;4595;4259;2217;1691;14052;13979;5405;1441;2506;6568;5475;702;502;1641;1180;1283;5583;2811;315;83;259;8505;609;222199;...;222199;75722;...;...;...;...;...;48316;...;...;...;...;...;...;...;...;...;...;...;...;...;124038;0;124038;346237
 5411;Legal services;610;115;380;645;2114;6448;3685;288;325;250;644;911;988;156;372;374;210;829;845;114;55;296;266;184;999;455;6958;313;381;383;2072;1918;373;268;105;336;117;464;371;2089;1055;3228;967;5447;8316;9270;846;274;9077;4667;2347;2801;27457;8809;3897;404;426;4382;7666;919;584;1292;5049;628;1639;2355;1284;569;949;10341;811;166462;...;166462;90334;...;...;...;23674;...;9852;-1938;...;...;...;...;...;...;...;...;...;...;...;...;121922;0;121922;288384
 5415;Computer systems design and related services;355;35;341;40;24;1317;1378;171;193;189;635;989;1303;84;314;1053;139;345;527;78;41;195;424;155;537;305;3763;486;244;249;1952;438;433;13;134;42;10;206;195;2497;849;1678;3589;2258;7980;2055;138;28;4896;5005;1848;2800;8027;11441;4949;111;1029;2238;3705;600;453;231;538;285;702;1399;10956;14919;169;10379;1095;128179;...;128181;...;...;15152;173861;...;...;8640;-14024;...;...;1837;5023;...;...;...;12316;...;...;1332;7436;211571;0;211571;339753
 5412OP;Miscellaneous professional, scientific, and technical services;1726;636;1611;1852;2593;13678;32428;2445;2862;2839;7000;5633;6517;1390;3039;3812;2358;5524;9038;1070;853;2688;3200;794;8384;4090;59397;7300;6131;7117;40572;2117;1565;1876;2523;1572;1680;1884;2183;18616;9707;42298;7934;33679;36273;17508;1875;177;28637;12346;9978;17137;148139;43729;25855;2094;4525;23461;19333;5436;3769;6750;6967;8876;17845;15002;38977;19424;2150;42505;16508;951487;...;951490;54386;...;37223;224558;2183;...;72096;-47461;...;...;...;65370;...;...;...;57161;...;...;...;14103;479619;0;479619;1431109
 55;Management of companies and enterprises;...;...;7844;1886;1077;...;1864;3146;4247;3148;6796;7984;11443;2824;18480;10190;1844;7588;23704;2192;860;5526;3396;3145;46440;5008;44742;253;1863;16384;15330;530;...;378;4374;157;...;2133;256;3625;367;1230;871;11413;15628;2494;280;3;5000;2072;3582;3188;13888;...;11881;1642;834;22692;4623;2152;1564;1790;1377;4043;30504;6360;...;...;...;...;...;420135;...;420133;...;...;...;...;...;...;308;...;...;...;...;...;...;...;...;...;...;...;...;...;308;0;308;420440
 561;Administrative and support services;677;67;97;348;1017;6412;4815;1017;1522;2445;5667;2552;5277;713;1833;4357;560;1126;3109;448;819;1786;3851;741;3013;1759;27797;1874;2545;1221;12061;2298;767;1252;3948;1206;520;4346;2257;7398;1760;7718;4868;16249;14111;9401;124;471;123077;14819;8654;15726;39498;6864;20870;2533;3484;19777;18807;4146;2429;3068;2425;3865;6007;7357;14377;3226;2223;32787;5741;541980;...;541980;43455;...;...;...;...;...;2637;-1221;...;...;...;...;...;...;...;...;...;...;...;...;44872;0;44872;586852
 562;Waste management and remediation services;14;9;370;200;70;659;1646;190;340;355;561;357;386;137;327;301;172;217;1465;153;34;418;202;253;2573;381;1488;345;525;220;1267;172;37;2656;402;1172;65;978;318;104;61;182;62;10;467;585;...;13;11355;565;65;108;1226;662;1245;8135;694;1293;1258;738;384;146;532;1005;1539;1126;401;110;123;15454;2245;73328;...;73327;15473;...;...;...;...;...;44;-133;...;...;...;...;...;...;...;...;...;...;...;...;15384;0;15384;88711
 61;Educational services;173;68;0;...;...;119;19;...;...;...;...;...;...;...;...;...;...;...;...;...;...;...;50;3;...;1;462;17;350;...;1827;37;9;...;...;...;4;8;...;...;...;118;58;49;10;...;...;0;...;...;...;22;36;...;152;...;2038;7;69;...;...;1086;161;...;...;1462;893;108;210;7540;11;17177;...;17176;251178;...;...;...;...;...;1954;-744;...;...;...;...;...;...;...;...;...;...;...;...;252387;0;252387;269563
 621;Ambulatory health care services;...;...;...;...;...;...;...;...;...;...;...;...;...;...;...;...;...;...;...;...;...;...;...;...;...;...;...;...;...;...;...;...;...;...;...;...;...;...;...;...;...;...;...;...;...;...;...;...;...;...;...;...;207;...;64;...;...;7412;10518;43;...;52;2;...;...;30;...;408;...;1548;...;20284;...;20283;703056;...;...;...;...;...;74;...;...;...;...;...;...;...;...;...;...;...;...;...;703131;0;703131;723413
 622;Hospitals;...;...;...;...;...;...;...;...;...;...;...;...;...;...;...;...;...;...;...;...;...;...;...;...;...;...;...;...;...;...;...;...;...;...;...;...;...;...;...;...;...;...;...;...;...;...;...;...;...;...;...;...;...;...;...;...;...;...;323;...;...;...;...;...;...;...;...;...;...;...;...;323;...;323;649837;...;...;...;...;...;534;-1832;...;...;...;...;...;...;...;...;...;...;...;...;648539;0;648539;648862
 623;Nursing and residential care facilities;...;...;...;...;...;...;...;...;...;...;...;...;...;...;...;...;...;...;...;...;...;...;...;...;...;...;...;...;...;...;...;...;...;...;...;...;...;...;...;...;...;...;...;...;...;...;...;...;...;...;...;...;...;...;...;...;...;...;...;...;...;...;...;...;...;...;...;1382;...;325;...;1707;...;1706;170279;...;...;...;...;...;...;...;...;...;...;...;...;...;...;...;...;...;...;...;170279;0;170279;171985
 624;Social assistance;...;...;...;...;...;...;...;...;...;...;...;...;...;...;...;...;...;...;...;...;...;...;...;...;...;...;...;...;...;...;0;...;...;...;...;...;...;...;...;...;...;...;...;...;...;...;...;...;...;...;...;...;...;...;...;...;...;...;...;...;...;...;...;...;...;...;...;12;...;1373;...;1385;...;1385;134152;...;...;...;...;...;...;...;...;...;...;...;...;...;...;...;...;...;...;...;134152;0;134152;135538
 711AS;Performing arts, spectator sports, museums, and related activities;79;6;0;1;6;98;158;66;68;67;126;126;45;14;50;42;30;60;181;23;11;73;77;36;70;107;870;143;188;17;449;28;206;0;67;4;...;90;43;346;7184;11170;165;1483;680;317;58;0;1790;143;472;313;3158;1835;1385;78;385;427;341;141;193;13749;761;218;1209;967;1000;62;56;607;34;54452;...;54453;56634;...;...;4030;...;...;2165;-270;...;...;...;...;...;...;...;...;...;...;...;...;62559;0;62559;117012
 713;Amusements, gambling, and recreation industries;76;1;0;2;13;132;111;35;44;30;93;83;45;6;30;28;28;49;95;7;4;37;67;13;47;61;390;3;61;0;487;0;1;...;1;...;...;6;1;174;47;114;184;853;314;223;16;0;345;54;199;312;841;711;759;62;183;408;18;62;67;82;31;363;262;101;746;4;4;998;190;10814;...;10814;146496;...;...;...;...;...;...;...;...;...;...;...;...;...;...;...;...;...;...;...;146496;0;146496;157310
 721;Accommodation;5;0;1;11;53;739;774;154;200;141;415;386;206;32;142;123;124;225;425;34;15;165;568;56;220;347;695;9;83;2;275;2;6;...;3;49;7;154;50;884;272;593;964;4361;1626;1099;83;1;2464;465;816;1715;4008;438;2723;455;611;1445;94;183;172;86;138;198;744;444;1392;488;46;2918;132;38954;...;38948;95362;...;...;...;...;...;...;...;...;...;...;...;...;...;...;...;...;...;...;...;95362;0;95362;134310
 722;Food services and drinking places;201;0;2;17;545;2679;1011;447;512;444;1005;980;430;99;371;314;274;520;1238;132;64;492;659;230;546;690;3140;258;291;84;1307;1748;5;0;467;21;7;191;27;1387;479;854;1440;11730;2348;2916;340;1;10901;1092;2151;3072;11559;1995;6144;609;1055;6286;4925;905;1225;200;344;1960;1996;1406;1063;210;949;15112;277;118379;...;118381;491147;...;...;...;...;...;2132;...;...;...;...;...;...;...;...;...;...;...;...;...;493280;0;493280;611661
 81;Other services, except government;605;243;39;82;374;964;4447;481;868;1196;1466;987;1121;309;804;556;273;485;2023;240;63;1107;645;537;2071;880;14765;1082;2219;864;6175;126;79;60;1165;437;97;1210;1664;1350;290;4401;1641;11583;3234;1488;75;80;9701;4125;1245;1720;10638;5757;7442;1760;2069;5907;11444;1726;894;1033;1829;1489;6167;6381;1826;408;816;17776;1457;180561;...;180562;488994;...;...;...;...;...;226;-2667;...;...;...;...;...;...;...;...;...;...;...;...;486553;0;486553;667115
 GFGD;Federal general government (defense);...;...;...;...;...;...;...;...;...;...;...;...;...;...;...;...;...;...;...;...;...;...;...;...;...;...;...;...;...;...;...;...;...;...;...;...;...;...;...;...;...;...;...;...;...;...;...;...;...;...;...;...;...;...;...;...;...;...;...;...;...;...;...;...;...;...;...;...;...;...;...;...;...;...;...;...;...;...;...;...;...;...;526072;...;...;...;...;...;...;...;...;...;...;...;526072;0;526072;526072
 GFGN;Federal general government (nondefense);...;...;...;...;...;...;...;...;...;...;...;...;...;...;...;...;...;...;...;...;...;...;...;...;...;...;...;...;...;...;...;...;...;...;...;...;...;...;...;...;...;...;...;...;...;...;...;...;...;...;...;...;...;...;...;...;...;...;...;...;...;...;...;...;...;...;...;...;...;...;...;...;...;...;...;...;...;...;...;...;...;...;...;...;...;...;272278;...;...;...;...;...;...;...;272278;0;272278;272278
 GFE;Federal government enterprises;49;8;...;6;0;395;33;0;...;39;73;773;66;347;0;0;0;49;0;5;...;0;221;63;117;0;11005;469;451;857;3538;...;0;595;9796;149;116;7601;505;1707;612;242;871;2570;3830;487;0;0;192;690;429;243;3569;274;1680;181;495;1087;1262;302;324;235;163;1688;3204;1312;1;195;0;2598;160;67929;...;67932;9915;...;...;...;...;...;335;-452;...;...;...;...;...;...;...;...;...;...;...;...;9798;0;9798;77730
 GSLG;State and local general government;...;...;...;...;...;...;...;...;...;...;...;...;...;...;...;...;...;...;...;...;...;...;...;...;...;...;...;...;...;...;...;...;...;...;...;...;...;...;...;...;...;...;...;...;...;...;...;...;...;...;...;...;...;...;...;...;...;...;...;...;...;...;...;...;...;...;...;...;...;...;...;...;...;...;...;...;...;...;...;...;...;...;...;...;...;...;...;...;...;...;1411371;...;...;...;1411371;0;1411371;1411371
 GSLE;State and local government enterprises;...;4;...;...;...;379;...;55;125;136;196;122;165;57;131;111;47;75;594;61;13;161;65;96;1138;123;500;89;219;90;481;...;...;...;42;...;...;3;132;57;45;85;35;124;255;93;...;...;524;449;260;104;886;277;726;77;90;400;379;247;938;59;125;402;634;488;559;253;253;3236;643;18113;...;18111;50615;...;...;...;...;...;...;...;...;...;...;...;...;...;...;...;...;...;...;...;50615;0;50615;68727
 Used;Scrap, used and secondhand goods;-45;1;...;-27;29;101;88;...;129;17744;189;2;...;...;...;...;...;2;...;24;...;1951;...;...;28;43;0;5;...;...;1;-206;...;-54;-221;...;4;782;...;...;1;1;...;...;...;...;...;...;...;-25;...;...;0;200;...;...;22;11;...;...;...;-57;223;...;0;1372;-8;...;...;...;...;22310;...;22312;67057;-2923;-91503;...;-3980;2722;25032;-12054;...;-4;0;...;...;15;-33;...;...;6892;-3311;...;-12089;0;-12089;10223
 Other;Noncomparable imports and rest-of-the-world adjustment [1];592;46;712;33;167;827;2320;170;207;623;708;995;1523;371;1536;660;144;484;1773;86;43;480;339;1682;2374;577;3192;38;396;429;1113;12007;182;2177;647;8;41;341;62;1071;428;9339;1459;2079;20386;1794;192;771;1752;578;395;947;2386;2529;1186;111;501;...;...;151;...;220;161;644;1365;310;16816;3105;946;...;...;111727;...;111725;-48866;...;...;4799;...;...;126261;-192215;...;...;...;...;...;...;...;...;...;...;...;...;-110022;0;-110022;1703
;Sum of Intermediate Selected;189050;16672;86079;45059;26099;203186;631205;72011;76145;190602;205360;212814;191290;75718;384365;142280;50267;81291;528500;43592;15280;118263;57459;446682;437928;141079;396379;35340;56393;67074;256571;87324;29461;33878;159553;18486;12481;87919;29468;112876;61969;273177;56148;318566;302912;310901;100493;129408;561873;104749;73177;79506;501850;171438;194319;40112;75169;266903;234554;64392;53935;51831;51924;57292;268999;224149;210174;81151;29944;539780;131386;...;...;...;...;...;...;...;...;...;...;...;...;...;...;...;...;...;...;...;...;...;...;...;...;...;...;...
;Intermediate Not Selected;0;0;0;0;0;0;0;0;0;0;0;0;0;0;0;0;0;0;0;0;0;0;0;0;0;0;0;0;0;0;0;0;0;0;0;0;0;0;0;0;0;0;0;0;0;0;0;0;0;0;0;0;0;0;0;0;0;0;0;0;0;0;0;0;0;0;0;0;0;0;0;...;...;...;...;...;...;...;...;...;...;...;...;...;...;...;...;...;...;...;...;...;...;...;...;...;...;...
;Total Intermediate;189050;16672;86079;45059;26099;203186;631205;72011;76145;190602;205360;212814;191290;75718;384365;142280;50267;81291;528500;43592;15280;118263;57459;446682;437928;141079;396379;35340;56393;67074;256571;87324;29461;33878;159553;18486;12481;87919;29468;112876;61969;273177;56148;318566;302912;310901;100493;129408;561873;104749;73177;79506;501850;171438;194319;40112;75169;266903;234554;64392;53935;51831;51924;57292;268999;224149;210174;81151;29944;539780;131386;...;...;11673662;...;...;...;...;...;...;...;...;...;...;...;...;...;...;...;...;...;...;...;...;...;...;...;...
 V001;Compensation of employees;25152;17256;6184;10135;41081;61218;485879;22968;27999;31620;83714;74612;98963;28832;65784;54493;22195;41260;84472;13686;9237;30533;34292;14555;57194;38477;401445;55844;66192;71233;245598;39894;19004;5073;74954;14196;4802;64407;34894;74166;25801;107220;28608;208092;218164;182256;625;6885;66659;36630;109825;231830;507588;209901;287793;20456;109851;340895;263910;93967;66918;35164;37362;43127;233094;312268;190247;119665;61110;1014429;84938;...;...;7908768;...;...;...;...;...;...;...;...;...;...;...;...;...;...;...;...;...;...;...;...;...;...;...;...
 V002;Taxes on production and imports, less subsidies;-3876;1366;26199;4751;2590;54607;8401;744;1260;2326;2687;3021;5136;942;2315;1863;354;1151;22284;720;277;1862;960;2785;5429;1802;173199;33659;17470;36093;90830;15652;-364;630;2777;1046;2086;2076;715;1821;3360;35450;1693;14223;4663;21990;3563;170035;17149;18448;19215;4607;8617;9383;5992;2738;6120;7209;6721;8471;1120;5720;10606;12542;44419;24953;...;...;-3044;...;-15629;...;...;979978;...;...;...;...;...;...;...;...;...;...;...;...;...;...;...;...;...;...;...;...;...;...;...;...
 V003;Gross operating surplus;92660;11125;139399;27637;43727;115497;302753;4459;18723;29643;41462;40877;84906;17336;48625;45331;7501;24138;87563;3789;328;22284;13922;135879;176267;20281;272927;17271;23220;8207;120241;13243;12625;8210;42114;10907;6602;23073;11724;101675;43561;215104;39321;196484;-24474;182463;31725;1159207;231811;132018;86167;20465;196553;29718;99564;12122;2275;85072;17147;3266;13323;22097;27348;28299;62838;103506;125651;73233;8541;112943;23392;...;...;5588888;...;...;...;...;...;...;...;...;...;...;...;...;...;...;...;...;...;...;...;...;...;...;...;...
;Sum of Value Added Selected;113935;29747;171782;42523;87398;231322;797033;28171;47982;63589;127863;118509;189005;47110;116724;101686;30050;66549;194319;18194;9842;54679;49174;153218;238890;60560;847571;106774;106881;115533;456669;68788;31265;13912;119845;26149;13491;89556;47333;177662;72722;357774;69622;418798;198352;386708;35912;1336128;315619;187096;215207;256902;712757;249002;393349;35316;118246;433175;287778;105704;81361;62981;75316;83968;340351;440727;315898;192899;66607;1127372;92701;...;...;...;...;...;...;...;...;...;...;...;...;...;...;...;...;...;...;...;...;...;...;...;...;...;...;...
;Sum of Value Added Not Selected;0;0;0;0;0;0;0;0;0;0;0;0;0;0;0;0;0;0;0;0;0;0;0;0;0;0;0;0;0;0;0;0;0;0;0;0;0;0;0;0;0;0;0;0;0;0;0;0;0;0;0;0;0;0;0;0;0;0;0;0;0;0;0;0;0;0;0;0;0;0;0;...;...;...;...;...;...;...;...;...;...;...;...;...;...;...;...;...;...;...;...;...;...;...;...;...;...;...
;Total Value Added;113935;29747;171782;42523;87398;231322;797033;28171;47982;63589;127863;118509;189005;47110;116724;101686;30050;66549;194319;18194;9842;54679;49174;153218;238890;60560;847571;106774;106881;115533;456669;68788;31265;13912;119845;26149;13491;89556;47333;177662;72722;357774;69622;418798;198352;386708;35912;1336128;315619;187096;215207;256902;712757;249002;393349;35316;118246;433175;287778;105704;81361;62981;75316;83968;340351;440727;315898;192899;66607;1127372;92701;14477631;...;...;...;...;...;...;...;...;...;...;...;...;...;...;...;...;...;...;...;...;...;...;...;...;14477634;...
;Total Industry Output;302985;46419;257862;87582;113496;434508;1428239;100181;124127;254191;333223;331323;380295;122828;501089;243966;80317;147839;722818;61786;25121;172942;106633;599901;676818;201639;1243950;142114;163274;182607;713239;156112;60726;47790;279399;44635;25972;177476;76802;290538;134691;630952;125770;737365;501264;697609;136405;1465536;877492;291845;288384;336408;1214607;420440;587668;75429;193415;700078;522332;170096;135296;114812;127240;141260;609349;664876;526072;274050;96550;1667152;224087;...;...;...;9750504;496928;885773;537913;688679;34452;1510408;-2228950;526072;10010;70758;71886;272278;11358;16073;71337;1411371;271154;43872;25758;...;...;...;26151297
Legend / Footnotes:;;;;;;;;;;;;;;;;;;;;;;;;;;;;;;;;;;;;;;;;;;;;;;;;;;;;;;;;;;;;;;;;;;;;;;;;;;;;;;;;;;;;;;;;;;;;;;;;;;;
1. Consists of noncomparable imports in the intermediate section of the use table and noncomparable imports and the rest-of-the-world adjustment in the final use section of the use table.;;;;;;;;;;;;;;;;;;;;;;;;;;;;;;;;;;;;;;;;;;;;;;;;;;;;;;;;;;;;;;;;;;;;;;;;;;;;;;;;;;;;;;;;;;;;;;;;;;;
Note. Selected data with zero values are not shown.;;;;;;;;;;;;;;;;;;;;;;;;;;;;;;;;;;;;;;;;;;;;;;;;;;;;;;;;;;;;;;;;;;;;;;;;;;;;;;;;;;;;;;;;;;;;;;;;;;;
Note. Detail may not add to total due to rounding.;;;;;;;;;;;;;;;;;;;;;;;;;;;;;;;;;;;;;;;;;;;;;;;;;;;;;;;;;;;;;;;;;;;;;;;;;;;;;;;;;;;;;;;;;;;;;;;;;;;
